index,uniprot,variant,clinvar_signifiance_00,q_structure,score_ml,score_ml_ddg_bind,std_score_ml,std_score_ml_ddg_bind,quadrant
348,P00439,R400K,pathogenic,Homotetramer,1.3084401965809818,0.5094289448304136,0.0814000574836492,0.0925537424698714,I
367,P00439,Y417H,pathogenic,Homotetramer,1.1984077097774577,1.3992329831138244,0.073263889051953,0.1036547295395429,I
382,P00439,A447T,pathogenic,Homotetramer,1.726440898854605,1.3587114756062215,0.3951950639131796,0.4736495393469811,I
594,P30566,K246E,pathogenic,Homotetramer,1.5798017688974155,1.4149956433743238,0.1359907528625032,0.1778775227711621,I
628,P30566,D332H,pathogenic,Homotetramer,1.5486803811203271,1.3357132962050016,0.278182013698642,0.3559713619349933,I
705,P35520,P78R,pathogenic,Homodimer,-0.1287147604527669,0.7776424035197355,0.1500130679166446,0.1041317316280073,I
751,P35520,E176K,pathogenic,Homodimer,1.3463378917666122,0.9270386818048246,0.0991299153553003,0.0943896235072524,I
759,P35520,T191M,pathogenic,Homodimer,1.6359983227940342,1.1149951045206687,0.0316478743096911,0.0380795217674143,I
825,P35520,R379Q,pathogenic,Homodimer,1.1430437883632267,0.5323351410632149,0.1566981593165902,0.1020814521709699,I
2139,P43246,N671K,pathogenic,Heterodimer,1.2249464308855222,1.1525216709119066,,,I
2791,P45381,P183H,pathogenic,Homodimer,0.4157177106446741,0.8928148178286407,0.6294229690763343,0.7552710071044366,I
